{"name":"uscensusbureau_frequently-occurring-surnames-from-the-census-2000","title":"Frequently Occurring Surnames from the Census 2000","description":"This dataset includes surnames, how often they occur and the proportions of different races in relation to surname.\n\nSource : https://www.census.gov/topics/population/genealogy/data/2000_surnames.html","homepage":"https://data.world/uscensusbureau/frequently-occurring-surnames-from-the-census-2000","license":"Public Domain","resources":[{"name":"app_c","schema":{"fields":[{"name":"name","title":"name","description":"same as for other file","type":"string","rdfType":"http://www.w3.org/2001/XMLSchema#string","dwSourceId":"name"},{"name":"rank","title":"rank","type":"integer","rdfType":"http://www.w3.org/2001/XMLSchema#integer","dwSourceId":"rank"},{"name":"count","title":"count","type":"integer","rdfType":"http://www.w3.org/2001/XMLSchema#integer","dwSourceId":"count"},{"name":"prop100k","title":"prop100k","type":"number","rdfType":"http://www.w3.org/2001/XMLSchema#decimal","dwSourceId":"prop100k"},{"name":"cum_prop100k","title":"cum_prop100k","type":"number","rdfType":"http://www.w3.org/2001/XMLSchema#decimal","dwSourceId":"cum_prop100k"},{"name":"pctwhite","title":"pctwhite","type":"string","rdfType":"http://www.w3.org/2001/XMLSchema#string","dwSourceId":"pctwhite"},{"name":"pctblack","title":"pctblack","type":"string","rdfType":"http://www.w3.org/2001/XMLSchema#string","dwSourceId":"pctblack"},{"name":"pctapi","title":"pctapi","type":"string","rdfType":"http://www.w3.org/2001/XMLSchema#string","dwSourceId":"pctapi"},{"name":"pctaian","title":"pctaian","type":"string","rdfType":"http://www.w3.org/2001/XMLSchema#string","dwSourceId":"pctaian"},{"name":"pct2prace","title":"pct2prace","type":"string","rdfType":"http://www.w3.org/2001/XMLSchema#string","dwSourceId":"pct2prace"},{"name":"pcthispanic","title":"pcthispanic","type":"string","rdfType":"http://www.w3.org/2001/XMLSchema#string","dwSourceId":"pcthispanic"}]},"path":"data/app_c.csv","format":"csv"},{"name":"top1000","schema":{"fields":[{"name":"name","title":"name","description":"Surname","type":"string","rdfType":"http://www.w3.org/2001/XMLSchema#string","dwSourceId":"name"},{"name":"rank","title":"rank","description":"National rank in 2000","type":"integer","rdfType":"http://www.w3.org/2001/XMLSchema#integer","dwSourceId":"rank"},{"name":"count","title":"count","description":"Frequency: number of occurrences nationally in 2000","type":"integer","rdfType":"http://www.w3.org/2001/XMLSchema#integer","dwSourceId":"count"},{"name":"prop100k","title":"prop100k","description":"Proportion per 100,000 population for name","type":"number","rdfType":"http://www.w3.org/2001/XMLSchema#decimal","dwSourceId":"prop100k"},{"name":"cum_prop100k","title":"cum_prop100k","description":"Cumulative proportion per 100,000 population","type":"number","rdfType":"http://www.w3.org/2001/XMLSchema#decimal","dwSourceId":"cum_prop100k"},{"name":"pctwhite","title":"pctwhite","description":"Percent Non-Hispanic White Alone","type":"number","rdfType":"http://www.w3.org/2001/XMLSchema#decimal","dwSourceId":"pctwhite"},{"name":"pctblack","title":"pctblack","description":"Percent Non-Hispanic Black or African American Alone","type":"string","rdfType":"http://www.w3.org/2001/XMLSchema#string","dwSourceId":"pctblack"},{"name":"pctapi","title":"pctapi","description":"Percent Non-Hispanic Asian and Native Hawaiian and Other Pacific Islander Alone","type":"number","rdfType":"http://www.w3.org/2001/XMLSchema#decimal","dwSourceId":"pctapi"},{"name":"pctaian","title":"pctaian","description":"Percent Non-Hispanic American Indian and Alaska Native Alone","type":"string","rdfType":"http://www.w3.org/2001/XMLSchema#string","dwSourceId":"pctaian"},{"name":"pct2prace","title":"pct2prace","description":"Percent Non-Hispanic Two or More Races","type":"number","rdfType":"http://www.w3.org/2001/XMLSchema#decimal","dwSourceId":"pct2prace"},{"name":"pcthispanic","title":"pcthispanic","description":"Percent Hispanic or Latino origin","type":"number","rdfType":"http://www.w3.org/2001/XMLSchema#decimal","dwSourceId":"pcthispanic"}]},"path":"data/top1000.csv","format":"csv"},{"name":"original/Top1000.xls","path":"original/Top1000.xls","format":"xls","mediatype":"application/vnd.ms-excel","bytes":135168},{"name":"original/app_c.xlsx","path":"original/app_c.xlsx","format":"xlsx","mediatype":"application/vnd.openxmlformats-officedocument.spreadsheetml.sheet","bytes":10851670}],"keywords":["surnames","names","last names","census","2000","us","united states","us census","census bureau"]}